https://github.com/the-isf-academy/lab-bank-imjimmyha/commit/94a96cb78c48c892dea54a3d520d8c2dc866b1d3,https://github.com/the-isf-academy/lab-bank-imjimmyha.git
https://github.com/the-isf-academy/lab-bank-Yobamos0912/commit/94a96cb78c48c892dea54a3d520d8c2dc866b1d3,https://github.com/the-isf-academy/lab-bank-Yobamos0912.git
https://github.com/the-isf-academy/lab-bank-WalkerChak/commit/94a96cb78c48c892dea54a3d520d8c2dc866b1d3,https://github.com/the-isf-academy/lab-bank-WalkerChak.git
https://github.com/the-isf-academy/lab-bank-haji086/commit/94a96cb78c48c892dea54a3d520d8c2dc866b1d3,https://github.com/the-isf-academy/lab-bank-haji086.git
https://github.com/the-isf-academy/lab-bank-John-Hue/commit/94a96cb78c48c892dea54a3d520d8c2dc866b1d3,https://github.com/the-isf-academy/lab-bank-John-Hue.git
https://github.com/the-isf-academy/lab-bank-ChronoTroy/commit/6ad7dbc84229e039bbd6b0da1884ae5eb76cf4c6,https://github.com/the-isf-academy/lab-bank-ChronoTroy.git
https://github.com/the-isf-academy/lab-bank-AnnaC-coder/commit/115357072b88a4e18d2737851c88c59506b569ba,https://github.com/the-isf-academy/lab-bank-AnnaC-coder.git
https://github.com/the-isf-academy/lab-bank-Xuxi917/commit/452737c9f5783f8416a9174d6799c6fd3e244294,https://github.com/the-isf-academy/lab-bank-Xuxi917.git
https://github.com/the-isf-academy/lab-bank-scar34680/commit/d9fa0b36f2ee033905bfdbdc865fee709e05cf23,https://github.com/the-isf-academy/lab-bank-scar34680.git
https://github.com/the-isf-academy/lab-bank-Maddalena1203/commit/bb2e214c4c5ed15b1a07f735fb1e4a5a462b6d33,https://github.com/the-isf-academy/lab-bank-Maddalena1203.git
https://github.com/the-isf-academy/lab-bank-PaulineLi/commit/852a2ad155b86a85d98854c5dc91ca4d03bbc0b5,https://github.com/the-isf-academy/lab-bank-PaulineLi.git
https://github.com/the-isf-academy/lab-bank-jet8858/commit/8b5391a964aba22272c656b9e9ce645881800544,https://github.com/the-isf-academy/lab-bank-jet8858.git
https://github.com/the-isf-academy/lab-bank-0010074/commit/77990383111f3804c397991b8305f9d11c33bc25,https://github.com/the-isf-academy/lab-bank-0010074.git
https://github.com/the-isf-academy/lab-bank-0010040/commit/07d1e2776be7665b490c06fac603666e72342b7a,https://github.com/the-isf-academy/lab-bank-0010040.git
https://github.com/the-isf-academy/lab-bank-kayn0111034/commit/70a9ffedecbfe252a101c7c85482d171b9bfc6be,https://github.com/the-isf-academy/lab-bank-kayn0111034.git
https://github.com/the-isf-academy/lab-bank-ProvokingQuestions/commit/5d06dcd06e11eb3f33cbf61ebc413035ecce02d7,https://github.com/the-isf-academy/lab-bank-ProvokingQuestions.git
https://github.com/the-isf-academy/lab-bank-you-are-utterly-worthless/commit/61b0050301e6984d7ed8b1d2afa10cf0c43d6216,https://github.com/the-isf-academy/lab-bank-you-are-utterly-worthless.git
https://github.com/the-isf-academy/lab-bank-jttw0010100/commit/6ba3250b3e6c039e48d6346604dd9910b50f1d88,https://github.com/the-isf-academy/lab-bank-jttw0010100.git
https://github.com/the-isf-academy/lab-bank-ZoeAspectofTwilight/commit/ab2a1f2772d4f687df94c7ab4adc828407ae2bc7,https://github.com/the-isf-academy/lab-bank-ZoeAspectofTwilight.git
https://github.com/the-isf-academy/lab-bank-E-Hazard/commit/e560f6279c777624c3566f906945c8cf5cd88a3e,https://github.com/the-isf-academy/lab-bank-E-Hazard.git
https://github.com/the-isf-academy/lab-bank-leadstonecreeper/commit/054a343b92538e40b0fef8e74f7e34e5f3dd939e,https://github.com/the-isf-academy/lab-bank-leadstonecreeper.git
https://github.com/the-isf-academy/lab-bank-cam-the-meme-man/commit/51e93bf64697f3cea70592f0d973bd75aa73f708,https://github.com/the-isf-academy/lab-bank-cam-the-meme-man.git
https://github.com/the-isf-academy/lab-bank-0010090/commit/cf59df8327a06f9d52b4eca158bae9c65a568fff,https://github.com/the-isf-academy/lab-bank-0010090.git
